{
  "approach": "maml",
  "best_val_acc": 0.29653333485126493,
  "episodes_seen": 2000,
  "train_time_sec": 13872.337112903595,
  "overfit_gap": 0.08788333332166076,
  "overfit_flag": false
}