{
  "approach": "maml",
  "best_val_acc": 0.2637333357334137,
  "episodes_seen": 2000,
  "train_time_sec": 222.9665060043335,
  "overfit_gap": 0.05476666460745036,
  "overfit_flag": false
}