{
  "approach": "maml",
  "best_val_acc": 0.3090666687488556,
  "episodes_seen": 2000,
  "train_time_sec": 217.33108019828796,
  "overfit_gap": 0.20154999997466805,
  "overfit_flag": true
}