{
  "approach": "maml",
  "best_val_acc": 0.22800000190734862,
  "episodes_seen": 2000,
  "train_time_sec": 224.9630470275879,
  "overfit_gap": 0.045016665030270825,
  "overfit_flag": false
}