{
  "approach": "maml",
  "best_val_acc": 0.28746666967868806,
  "episodes_seen": 2000,
  "train_time_sec": 202.1119487285614,
  "overfit_gap": 0.06959999969229103,
  "overfit_flag": false
}