{
  "approach": "maml",
  "best_val_acc": 0.3120000022649765,
  "episodes_seen": 2000,
  "train_time_sec": 236.31223487854004,
  "overfit_gap": -0.018200000915676362,
  "overfit_flag": false
}