{
  "approach": "lopt",
  "best_val_acc": 0.3181333354115486,
  "episodes_seen": 2000,
  "train_time_sec": 285.0265860557556,
  "overfit_gap": -0.028316667685285235,
  "overfit_flag": false
}