{
  "approach": "maml",
  "best_val_acc": 0.21813333690166473,
  "episodes_seen": 2000,
  "train_time_sec": 194.75742101669312,
  "overfit_gap": 0.009916665330529206,
  "overfit_flag": false
}