{
  "approach": "maml",
  "best_val_acc": 0.2128000032901764,
  "episodes_seen": 2000,
  "train_time_sec": 202.43310284614563,
  "overfit_gap": 0.06971666539786381,
  "overfit_flag": false
}