{
  "approach": "maml",
  "best_val_acc": 0.2901333349943161,
  "episodes_seen": 2000,
  "train_time_sec": 209.50180292129517,
  "overfit_gap": 0.03271666575223209,
  "overfit_flag": false
}