{
  "approach": "maml",
  "best_val_acc": 0.3021333345770836,
  "episodes_seen": 2000,
  "train_time_sec": 210.19358587265015,
  "overfit_gap": -0.02718333565630021,
  "overfit_flag": false
}