{
  "approach": "maml",
  "best_val_acc": 0.34613333493471143,
  "episodes_seen": 2000,
  "train_time_sec": 215.18448901176453,
  "overfit_gap": 0.0769166681729257,
  "overfit_flag": false
}