{
  "approach": "maml",
  "best_val_acc": 0.24186666995286943,
  "episodes_seen": 2000,
  "train_time_sec": 196.42051601409912,
  "overfit_gap": 0.017233332116156796,
  "overfit_flag": false
}