{
  "best_val_acc": 0.9566666669845582,
  "test_loss": 0.15689084305763246,
  "test_acc": 0.9626,
  "train_seconds": 174.09567594528198,
  "params": 19562
}