{
  "approach": "maml",
  "best_val_acc": 0.2560000017285347,
  "episodes_seen": 2000,
  "train_time_sec": 191.721529006958,
  "overfit_gap": 0.04243333295919002,
  "overfit_flag": false
}