{
  "approach": "maml",
  "best_val_acc": 0.24853333622217177,
  "episodes_seen": 2000,
  "train_time_sec": 192.9522979259491,
  "overfit_gap": 0.020583332078531386,
  "overfit_flag": false
}