{
  "approach": "maml",
  "best_val_acc": 0.28613333523273465,
  "episodes_seen": 2000,
  "train_time_sec": 203.1676468849182,
  "overfit_gap": 0.16538333022966983,
  "overfit_flag": true
}